발음,단어,뜻,예문발음,예문
shī rùn,湿润,"습하다,축축하다",,nan
dī qiǎ chàng yǐn,低卡畅饮,저칼로리(低卡），마음껏마셔(畅饮),dīqiǎchàngyǐn,低卡畅饮
gōng chǎng,工厂,공장,,nan
jiě shì,解释,해석/해설/해명 하다,xiànfǎdejiěshì,宪法的解释
lì rùn,利润,이윤,,nan
zī yuán,资源,자원,,nan
yāo guǒ xiā rén,腰果虾仁,새우 캐슈넛 볶음,,nan
zì xíng chē,自行车,자전거,,nan
zǒng jié,总结,총괄하다,,nan
hé gé,合格,"합격이다,규격에맞다",,nan
zhǐ dǎo,指导,지도하다,,nan
wēn nuǎn,温暖,"따뜻한,따듯하게하다",zhèlǐdeyīniánsìjìdūhěnwēnnuǎn,这里的一年四季都很温暖
wú táng pí jǐu,无糖啤酒,당 없는 맥주,wútángpíjǐu,无糖啤酒
zòng hé,综合,종합하다,,nan
zhì zào,制造,"제조하다,만들다",,nan
jié lùn,结论,결론,,nan
qíng,晴,"맑다,화창하다",,nan
kòu ròu,扣肉,동파육비슷,kòuròu,扣肉
hú tóng,胡同,골목,zhèzhāngzhàopiànpāizàiběijīngmǒuhútóngdeyījiākāfēitīnglǐ(이 사진은 북경의 어느 커피숍에서 찍은 것이다),这张照片拍在北京某胡同的一家咖啡厅里(이 사진은 북경의 어느 커피숍에서 찍은 것이다)
jià gé,价格,가격,,nan
gūi mó,规模,규모,,nan
yǒng jǐ,拥挤,"한데 몰리다,붐비다",běijīngdejiāotōnghěnyǒngjǐ,北京的交通很拥挤
jù tǐ,具体,구체적이다,shuōmíngtāshìzùifàndejùtǐzhèngjùbèifāxiànle,说明她是罪犯的具体证据被发现了
dùi shǒu,对手,"상대,적수",,nan
guān niàn,观念,"생각,개념",,nan
ào yùn hùi,奥运会,올림픽,,nan
jiāo tōng,交通,교통,zùijìn，jiāotōngshìgùzàijùzēng,最近，交通事故在剧增
fēn bù,分布,"분포하다,널려있다",,nan
