제품코드,키워드,최대가격,최소가격,평균가격,최대가격_배송비,최소가격_배송비,최대가격_제목,최소가격_제목,카테고리
CH1506009,"[('미끄럼', 10), ('방지', 10), ('항균', 10), ('방수', 10), ('깔창', 10), ('주방화', 10), ('조리화', 10), ('작업화', 10), ('멀티화', 10), ('멀티화.', 7), ('팩토리', 3), ('있음', 3), ('에이블', 2)]","최저17,400원","7,730원",11486.25,"배송비3,000원포함","배송비5,000원",미끄럼방지 항균방수깔창 주방화 조리화 작업화 멀티화,미끄럼방지 항균 방수 깔창 주방화 조리화 작업화 멀티화,패션잡화>남성신발>기능화>작업화/안전화
CH1506009,"[('미끄럼', 20), ('방지', 20), ('항균', 20), ('방수', 20), ('깔창', 20), ('주방화', 20), ('조리화', 20), ('작업화', 20), ('멀티화', 20), ('멀티화.', 10), ('신발', 8), ('있음', 7), ('방수화', 6), ('주방', 6), ('슬리퍼', 6), ('병원', 5), ('시장', 5), ('250미끄럼', 4), ('팩토리', 3), ('국산', 3), ('에이블', 2), ('240.', 2), ('다용도', 2), ('옵션', 2), ('', 2), ('있음)', 2), ('네이비', 2), ('식당', 2), ('남녀', 2)]","최저19,900원","6,840원",11337.25,배송비무료,"배송비3,000원",미끄럼방지 항균방수깔창 작업화 주방화 조리화 멀티화 방수화vwx045,발냄새 주방화 미끄럼방지 항균방수깔창 조리화 작업화 멀티화 물잘빠지는,패션잡화>남성신발>기능화>작업화/안전화
CH1506009,"[('미끄럼', 30), ('방지', 30), ('방수', 30), ('깔창', 30), ('주방화', 30), ('조리화', 30), ('작업화', 30), ('멀티화', 30), ('항균', 29), ('신발', 16), ('멀티화.', 13), ('병원', 13), ('시장', 12), ('방수화', 12), ('주방', 11), ('슬리퍼', 9), ('있음', 8), ('250미끄럼', 5), ('국산', 5), ('식당', 5), ('다용도', 4), ('', 4), ('있음)', 4), ('팩토리', 3), ('옵션', 3), ('네이비', 3), ('에이블', 2), ('음식점', 2), ('장사', 2), ('240.', 2), ('수화', 2), ('주방화(깔창', 2), ('240', 2), ('블랙', 2), ('슬리퍼(깔창', 2), ('남녀', 2), ('무좀', 2), ('방지화', 2), ('편한', 2), ('안전화', 2), ('텃밭', 2), ('안전화.', 2)]","최저38,130원","5,180원",11564.833333333334,배송비무료,"배송비3,000원",미끄럼방지 멀티화 방수깔창 조리화 주방화 작업화,미끄럼방지 항균방수깔창 주방화 조리화 작업화 멀티,패션잡화>남성신발>기능화>작업화/안전화
CH1506009,"[('미끄럼', 40), ('방지', 40), ('방수', 40), ('깔창', 40), ('주방화', 40), ('조리화', 40), ('작업화', 39), ('항균', 38), ('멀티화', 36), ('신발', 26), ('병원', 20), ('시장', 18), ('주방', 18), ('방수화', 15), ('멀티화.', 14), ('슬리퍼', 13), ('다용도', 10), ('있음', 8), ('식당', 8), ('국산', 6), ('', 6), ('250미끄럼', 5), ('있음)', 5), ('안전화', 5), ('팩토리', 4), ('수화', 4), ('남녀', 4), ('편한', 4), ('쿠션', 4), ('에이블', 3), ('옵션', 3), ('주방화(깔창', 3), ('네이비', 3), ('발', 3), ('조리', 3), ('화방', 3), ('수술실간호화', 3), ('실험실', 3), ('초경량', 3), ('장화', 3), ('실내화', 3), ('음식점', 2), ('장사', 2), ('240.', 2), ('방수화.', 2), ('240', 2), ('블랙', 2), ('슬리퍼(깔창', 2), ('퍼플', 2), ('공용', 2), ('무좀', 2), ('방지화', 2), ('공용.', 2), ('텃밭', 2), ('신발.', 2), ('안전화.', 2), ('논', 2), ('슬립', 2), ('화', 2), ('하이원', 2), ('다용도화', 2), ('남자', 2)]","최저38,130원","5,180원",11599.0625,배송비무료,"배송비3,000원",미끄럼방지 멀티화 방수깔창 조리화 주방화 작업화,미끄럼방지 항균방수깔창 주방화 조리화 작업화 멀티,패션잡화>남성신발>기능화>작업화/안전화
CH1634095,"[('시그니처', 10), ('냉감', 10), ('스트라이프', 10), ('반팔', 10), ('티', 10), ('작업복', 8), ('냉장고', 7), ('남', 6), ('티(남)', 5), ('아이스티', 5), ('티(남).', 4), ('티스트', 4), ('쿨', 4), ('매운', 3), ('남자', 3), ('남성', 3), ('아이스', 2), ('등산복', 2), ('마운티스트', 2), ('여름', 2), ('티.', 2)]","최저12,900원","3,890원",7503.5,"배송비3,000원포함","배송비3,000원",시그니쳐 냉감 스트라이프 반팔티 남,시그니쳐 냉감 스트라이프 반팔티(남) 냉감티 작업복 아이스티 냉장고티 마운 티스트,"스포츠/레저>등산>등산의류>반팔티셔츠:35,패션의류>남성의류>티셔츠:3,패션의류>남성의류>셔츠/남방:1,패션의류>남성의류>유니폼/단체복:1"
CH1634095,"[('시그니처', 20), ('냉감', 20), ('스트라이프', 20), ('반팔', 20), ('티', 19), ('작업복', 15), ('남', 13), ('냉장고', 13), ('쿨', 10), ('아이스티', 9), ('티스트', 8), ('티(남)', 7), ('매운', 7), ('남성', 7), ('티.', 7), ('티(남).', 6), ('마운티스트', 5), ('남자', 4), ('티셔츠', 4), ('아이스', 3), ('등산복', 3), ('여름', 3), ('등산', 3), ('기본', 2), ('100시그니처', 2), ('쿨링', 2), ('아웃도어', 2), ('', 2), ('네이비', 2)]","최저16,310원","3,880원",7056.75,"배송비3,000원포함","배송비3,200원",냉감티 아이스 티셔츠 쿨티 작업복 반팔티 남자 스판 쿨링 스트라이프 남성 시그니쳐efg268,시그니쳐 냉감 스트라이프 반팔티남 냉감티 작업복 아이스티 냉장고티 마운 티스트 쿨티,"스포츠/레저>등산>등산의류>반팔티셔츠:66,패션의류>남성의류>티셔츠:11,패션의류>남성의류>셔츠/남방:1,패션의류>남성의류>유니폼/단체복:1,생활/건강>공구>안전용품>안전/작업복:1"
CH1634095,"[('시그니처', 30), ('냉감', 30), ('스트라이프', 30), ('반팔', 30), ('티', 19), ('티(남)', 17), ('티(남).', 16), ('작업복', 15), ('남', 13), ('냉장고', 13), ('쿨', 10), ('아이스티', 9), ('티스트', 8), ('매운', 7), ('남성', 7), ('티.', 7), ('마운티스트', 5), ('남자', 4), ('티셔츠', 4), ('아이스', 3), ('등산복', 3), ('여름', 3), ('등산', 3), ('기본', 2), ('100시그니처', 2), ('쿨링', 2), ('아웃도어', 2), ('', 2), ('네이비', 2)]","최저16,310원","3,880원",7957.0,"배송비3,000원포함","배송비3,200원",냉감티 아이스 티셔츠 쿨티 작업복 반팔티 남자 스판 쿨링 스트라이프 남성 시그니쳐efg268,시그니쳐 냉감 스트라이프 반팔티남 냉감티 작업복 아이스티 냉장고티 마운 티스트 쿨티,"스포츠/레저>등산>등산의류>반팔티셔츠:106,패션의류>남성의류>티셔츠:11,패션의류>남성의류>셔츠/남방:1,패션의류>남성의류>유니폼/단체복:1,생활/건강>공구>안전용품>안전/작업복:1"
CH1634095,"[('시그니처', 40), ('냉감', 40), ('스트라이프', 40), ('반팔', 40), ('티(남)', 27), ('티(남).', 25), ('티', 21), ('작업복', 15), ('남', 13), ('냉장고', 13), ('쿨', 10), ('아이스티', 9), ('티스트', 8), ('매운', 7), ('남성', 7), ('티.', 7), ('마운티스트', 5), ('남자', 4), ('티셔츠', 4), ('아이스', 3), ('등산복', 3), ('여름', 3), ('등산', 3), ('기본', 2), ('100시그니처', 2), ('쿨링', 2), ('아웃도어', 2), ('기능성', 2), ('', 2), ('네이비', 2)]","최저16,310원","3,880원",8436.375,"배송비3,000원포함","배송비3,200원",냉감티 아이스 티셔츠 쿨티 작업복 반팔티 남자 스판 쿨링 스트라이프 남성 시그니쳐efg268,시그니쳐 냉감 스트라이프 반팔티남 냉감티 작업복 아이스티 냉장고티 마운 티스트 쿨티,"스포츠/레저>등산>등산의류>반팔티셔츠:146,패션의류>남성의류>티셔츠:11,패션의류>남성의류>셔츠/남방:1,패션의류>남성의류>유니폼/단체복:1,생활/건강>공구>안전용품>안전/작업복:1"
CH1891767,"[('노리개', 10), ('미니', 10), ('전통', 10), ('수술', 10), ('장식', 10), ('매듭', 7), ('포장', 7), ('선물', 7), ('장신구', 6), ('보자기', 4), ('끈', 4), ('소품', 3), ('만들기', 3), ('장식.', 3), ('태슬', 2), ('전통매듭', 2), ('장신구.', 2), ('한복', 2)]","최저32,110원",350원,3874.375,배송비무료,"배송비3,200원",전통매듭장식 미니 전통수술 노리개장식 X 56P 색상별4P,노리개 미니노리개 매듭장신구 보자기 포장노리개 전통 수술 장식,패션잡화>패션소품>한복소품
CH1891767,"[('노리개', 20), ('미니', 20), ('전통', 20), ('수술', 20), ('장식', 20), ('장신구', 12), ('매듭', 11), ('선물', 10), ('포장', 9), ('장식.', 9), ('끈', 7), ('한복', 6), ('보자기', 4), ('장신구.', 4), ('만들기', 4), ('액세서리', 4), ('소품', 3), ('태슬', 2), ('전통매듭', 2), ('소품.', 2), ('X', 2), ('명절', 2)]","최저32,110원",350원,2854.0625,배송비무료,"배송비3,200원",전통매듭장식 미니 전통수술 노리개장식 X 56P 색상별4P,노리개 미니노리개 매듭장신구 보자기 포장노리개 전통 수술 장식,패션잡화>패션소품>한복소품
CH1891767,"[('노리개', 30), ('미니', 30), ('전통', 30), ('수술', 30), ('장식', 30), ('장신구', 15), ('매듭', 14), ('선물', 14), ('장식.', 12), ('포장', 10), ('한복', 9), ('끈', 9), ('장신구.', 7), ('액세서리', 7), ('보자기', 5), ('만들기', 5), ('소품', 4), ('한국', 4), ('', 4), ('전통매듭', 3), ('소품.', 3), ('외국인', 3), ('선물포장', 3), ('명절', 3), ('태슬', 2), ('매듭공예', 2), ('X', 2), ('기념품', 2), ('회색(g)', 2)]","510,000원",350원,6551.208333333333,배송비무료,"배송비3,200원",무료배송 미니 전통수술 노리개장식 1000개,노리개 미니노리개 매듭장신구 보자기 포장노리개 전통 수술 장식,패션잡화>패션소품>한복소품
CH1891767,"[('노리개', 40), ('미니', 40), ('전통', 40), ('수술', 40), ('장식', 40), ('장신구', 23), ('매듭', 20), ('선물', 20), ('포장', 17), ('한복', 14), ('장식.', 13), ('끈', 12), ('보자기', 11), ('소품', 10), ('장신구.', 9), ('액세서리', 9), ('만들기', 7), ('선물포장', 7), ('', 6), ('한국', 4), ('태슬', 3), ('전통매듭', 3), ('소품.', 3), ('X', 3), ('외국인', 3), ('명절', 3), ('-', 3), ('복주머니', 2), ('노리개.', 2), ('전통공예', 2), ('선물.', 2), ('예단', 2), ('매듭공예', 2), ('나비', 2), ('포장용.', 2), ('기념품', 2), ('빨간색(a)', 2), ('회색(g)', 2), ('분홍색(c).', 2), ('고급', 2)]","510,000원",350원,5628.59375,배송비무료,"배송비3,200원",무료배송 미니 전통수술 노리개장식 1000개,노리개 미니노리개 매듭장신구 보자기 포장노리개 전통 수술 장식,패션잡화>패션소품>한복소품
CH1350289,[],"4,400원","1,220원",1942.0,배송비무료,"배송비3,000원",올인원 여행용 멀티아답터 USB 여행용어댑터,올인원 여행용 멀티아답터 여행용어댑터 해외사용,생활/건강>공구>전기용품>멀티탭
CH1350289,"[('올인원', 3), ('여행용', 3), ('멀티', 3), ('어댑터', 3), ('플러그', 2)]","5,400원","1,220원",2353.0,"배송비3,000원","배송비3,000원",올인원 여행용 멀티 아답터 플러그,올인원 여행용 멀티아답터 여행용어댑터 해외사용,생활/건강>공구>전기용품>멀티탭
CH1350289,"[('올인원', 4), ('여행용', 4), ('멀티', 4), ('어댑터', 4), ('플러그', 3), ('플러그.', 2), ('어댑터/플러그/어댑터/전', 2), ('세계용/멀티', 2)]","5,400원","1,220원",3036.0,"배송비3,000원","배송비3,000원",올인원 여행용 멀티 아답터 플러그,올인원 여행용 멀티아답터 여행용어댑터 해외사용,생활/건강>공구>전기용품>멀티탭
CH1350289,"[('올인원', 5), ('여행용', 5), ('멀티', 5), ('어댑터', 5), ('플러그', 4), ('플러그.', 3), ('전', 2), ('세계용', 2), ('어댑터/플러그/어댑터/전', 2), ('세계용/멀티', 2)]","6,100원","1,220원",2991.5,"배송비3,000원","배송비3,000원",올인원 여행용 멀티 아답터,올인원 여행용 멀티아답터 여행용어댑터 해외사용,"생활/건강>공구>전기용품>멀티탭:15,생활/건강>공구>전기용품>기타 전기용품:5"
CH1433573,[],"최저9,100원","4,730원",7322.0,"배송비3,000원포함","배송비3,000원",아르크 투명 캐리어 커버 라인클리어 30인치,투명캐리어커버풀클리어라인방수보호덮개항공레인여행가방2230,"패션잡화>여행용가방/소품>캐리어소품:1,패션잡화>여행용가방/소품>캐리어커버:4"
CH1433573,"[('라인', 3), ('클리어', 3), ('투명', 3), ('캐리어', 3), ('커버', 2), ('테두리', 2), ('있는', 2), ('커버.', 2), ('24', 2)]","최저9,100원","4,730원",7322.0,"배송비3,000원포함","배송비3,000원",아르크 투명 캐리어 커버 라인클리어 30인치,투명캐리어커버풀클리어라인방수보호덮개항공레인여행가방2230,"패션잡화>여행용가방/소품>캐리어소품:2,패션잡화>여행용가방/소품>캐리어커버:8"
CH1433573,"[('라인', 4), ('클리어', 4), ('투명', 4), ('캐리어', 4), ('커버', 3), ('24', 3), ('테두리', 2), ('있는', 2), ('커버.', 2), ('30인치가', 2)]","최저9,100원","4,730원",7322.0,"배송비3,000원포함","배송비3,000원",아르크 투명 캐리어 커버 라인클리어 30인치,투명캐리어커버풀클리어라인방수보호덮개항공레인여행가방2230,"패션잡화>여행용가방/소품>캐리어소품:3,패션잡화>여행용가방/소품>캐리어커버:12"
CH1433573,"[('라인', 5), ('클리어', 5), ('투명', 5), ('캐리어', 5), ('커버', 4), ('테두리', 3), ('있는', 3), ('24', 3), ('커버.', 2), ('30인치가', 2), ('아르키', 2)]","최저9,100원","4,730원",7322.0,"배송비3,000원포함","배송비3,000원",아르크 투명 캐리어 커버 라인클리어 30인치,투명캐리어커버풀클리어라인방수보호덮개항공레인여행가방2230,"패션잡화>여행용가방/소품>캐리어소품:4,패션잡화>여행용가방/소품>캐리어커버:16"
